State;Population;Electoral Votes;Colour
AC;5;0;#d95f02
AL;0;0;#7570b3
AM;156;0;#1b9e77
AP;37;0;#1b9e77
BA;38;0;#e7298a
CE;94;0;#7570b3
DF;35;0;#66a61e
ES;34;0;#1b9e77
GO;20;0;#1b9e77
MA;54;0;#e7298a
MG;56;0;#d95f02
MS;1;0;#e6ab02
MT;2;0;#e6ab02
PA;29;0;#7570b3
PB;16;0;#66a61e
PE;144;0;#7570b3
PI;3;0;#e6ab02
PR;62;0;#e6ab02
RJ;248;0;#1b9e77
RN;13;0;#7570b3
RO;2;0;#e7298a
RR;4;0;#e7298a
RS;13;0;#66a61e
SC;36;0;#66a61e
SE;2;0;#d95f02
SP;336;0;#e7298a
TO;2;0;#e6ab02
